CHROM,POS,ID,REF,ALT,QUAL,FILTER,INFO,FORMAT,belem_1,belem_10,belem_2,belem_3,belem_4,belem_5,belem_6,belem_7,belem_8,belem_9,tapajos_1,tapajos_10,tapajos_2,tapajos_3,tapajos_4,tapajos_5,tapajos_6,tapajos_7,tapajos_8,tapajos_9,xingu_1,xingu_10,xingu_11,xingu_12,xingu_13,xingu_2,xingu_3,xingu_4,xingu_5,xingu_6,xingu_7,xingu_8,xingu_9,popB_alt_allele_count,popB_missing_allele_count,popB_alt_allele_freq,popB_alt_allele_adj_freq
Pseudochr1,74,.,C,A,412.68,PASS,.,GT:AD:DP:GQ:PGT:PID:PL,"0/0:14,0:14:39:.:.:0,39,585","0/0:17,0:17:48:.:.:0,48,720","0/0:24,0:24:72:.:.:0,72,584","0/0:11,0:11:27:.:.:0,27,405","0/0:9,0:9:21:.:.:0,21,315","0/0:11,0:11:30:.:.:0,30,450","./.:4,0:4:12:.:.:0,12,121","0/0:14,0:14:39:.:.:0,39,585","0/0:25,0:25:75:.:.:0,75,617","0/0:17,0:17:51:.:.:0,51,450","1/1:0,11:11:36:1|1:18164916_T_A:539,36,0","1/1:0,12:12:39:1|1:18164916_T_A:585,39,0","1/1:0,13:13:42:1|1:18164916_T_A:630,42,0","1/1:0,12:12:42:1|1:18164956_A_G:630,42,0","1/1:0,15:15:45:1|1:18164956_A_G:675,45,0","1/1:0,20:20:69:.:.:1035,69,0","1/1:0,11:11:33:1|1:18164961_A_G:495,33,0","1/1:0,8:8:24:1|1:18164916_T_A:360,24,0","1/1:0,7:7:27:1|1:18164934_G_A:405,27,0","1/1:0,13:13:48:1|1:18164917_G_C:720,48,0","0/0:7,0:7:21:.:.:0,21,164","0/0:7,0:7:21:.:.:0,21,164","0/0:7,0:7:21:.:.:0,21,164","0/0:7,0:7:21:.:.:0,21,164","0/0:7,0:7:21:.:.:0,21,164","0/0:7,0:7:21:.:.:0,21,164","0/0:7,0:7:21:.:.:0,21,164","0/0:7,0:7:21:.:.:0,21,164","0/0:7,0:7:21:.:.:0,21,164","0/0:7,0:7:21:.:.:0,21,164","0/0:7,0:7:21:.:.:0,21,164","0/0:7,0:7:21:.:.:0,21,164","0/0:7,0:7:21:.:.:0,21,164",0,0,0.0,0.0
Pseudochr1,127,.,T,G,277.82,PASS,.,GT:AD:DP:GQ:PL,"0/0:15,0:15:45:.:.:0,45,566","0/0:19,0:19:57:.:.:0,57,468","0/0:24,0:24:60:.:.:0,60,900","0/0:11,0:11:33:.:.:0,33,353","0/0:9,0:9:24:.:.:0,24,360","0/0:10,0:10:30:.:.:0,30,372","0/0:15,0:15:45:0,45,478","0/0:13,0:13:39:.:.:0,39,463","0/0:27,0:27:75:.:.:0,75,1125","0/0:19,0:19:57:.:.:0,57,512","1/1:0,11:11:36:1|1:18164916_T_A:539,36,0","1/1:0,14:14:42:1|1:18164916_T_A:630,42,0","1/1:0,11:11:36:1|1:18164916_T_A:540,36,0","1/1:0,18:18:54:1|1:18164976_G_A:810,54,0","1/1:0,16:16:48:1|1:18164976_G_A:720,48,0","1/1:0,27:27:84:1|1:18164916_T_A:1260,84,0","1/1:0,12:12:36:.:.:540,36,0","1/1:0,8:8:24:1|1:18164916_T_A:360,24,0","1/1:0,8:8:27:1|1:18164976_G_A:405,27,0","1/1:0,14:14:42:1|1:18164917_G_C:630,42,0","1/1:0,11:11:33:1|1:18164916_T_A:495,33,0","1/1:0,15:15:45:1|1:18164916_T_A:675,45,0","0/1:0,7:7:63:0|1:18164956_A_G:288,0,63","0/1:7,5:12:99:0|1:18164976_G_A:189,0,279","./.:20,14:34:99:.:.:528,0,798","0/0:21,0:21:63:.:.:0,63,527","1/1:0,7:7:21:1|1:18164762_G_A:315,21,0","0/0:9,0:9:24:.:.:0,24,360","./.:7,0:7:0:.:.:0,0,20","0/1:7,2:9:63:0|1:18164976_G_A:63,0,288","0/1:9,13:22:99:0|1:18164772_T_C:519,0,339","1/1:0,7:7:21:1|1:18164916_T_A:315,21,0","0/1:14,3:17:84:.:.:84,0,579",13,4,0.5,0.591
Pseudochr1,141,.,G,A,2465.81,PASS,.,GT:AD:DP:GQ:PL,"0/0:15,0:15:45:.:.:0,45,566","0/0:21,0:21:60:.:.:0,60,536","0/0:24,0:24:60:.:.:0,60,900","0/0:11,0:11:33:.:.:0,33,353","0/0:7,0:7:21:.:.:0,21,246","0/0:10,0:10:30:.:.:0,30,372","./.:4,0:4:12:.:.:0,12,121","0/0:13,0:13:39:.:.:0,39,463","./.:35,0:35:55:.:.:0,55,784","0/0:23,0:23:69:.:.:0,69,645","1/1:0,12:12:36:1|1:18164916_T_A:539,36,0","1/1:0,13:13:39:1|1:18164916_T_A:585,39,0","1/1:0,9:9:27:1|1:18164916_T_A:405,27,0","1/1:0,16:16:54:1|1:18164976_G_A:807,54,0","1/1:0,16:16:48:1|1:18164976_G_A:720,48,0","1/1:0,28:28:87:1|1:18164916_T_A:1305,87,0","1/1:0,13:13:39:1|1:18164982_G_A:585,39,0","1/1:0,8:8:24:1|1:18164916_T_A:360,24,0","1/1:0,9:9:27:1|1:18164976_G_A:405,27,0","1/1:0,14:14:42:1|1:18164917_G_C:630,42,0","1/1:0,11:11:33:.:.:495,33,0","1/1:0,15:15:45:1|1:18164916_T_A:675,45,0","0/1:2,7:9:60:0|1:18164956_A_G:310,0,60","0/1:7,5:12:99:0|1:18164976_G_A:189,0,279","./.:22,16:38:99:.:.:687,0,907","0/0:21,0:21:63:.:.:0,63,527","1/1:0,9:9:33:1|1:18164762_G_A:454,33,0","0/0:10,0:10:27:.:.:0,27,405","./.:6,0:6:.:.:.:0,0,0","0/1:7,2:9:63:0|1:18164976_G_A:63,0,288","0/1:10,13:23:99:0|1:18164772_T_C:516,0,381","./.:0,6:6:18:1|1:18164916_T_A:270,18,0","0/1:12,3:15:87:.:.:87,0,537",11,6,0.423,0.55
Pseudochr1,181,.,G,A,18388.9,PASS,.,GT:AD:DP:GQ:PGT:PID:PL,"0/0:15,0:15:45:.:.:0,45,566","0/0:21,0:21:60:.:.:0,60,536","0/0:20,0:20:42:.:.:0,42,630","0/0:14,0:14:42:.:.:0,42,490","0/0:7,0:7:21:.:.:0,21,246","0/0:9,0:9:27:.:.:0,27,350","./.:4,0:4:12:.:.:0,12,121","0/0:13,0:13:39:.:.:0,39,463","./.:39,0:39:67:.:.:0,67,873","0/0:25,0:25:69:.:.:0,69,1035","1/1:0,12:12:36:1|1:18164916_T_A:539,36,0","1/1:0,13:13:39:1|1:18164916_T_A:585,39,0","1/1:0,9:9:27:1|1:18164916_T_A:405,27,0","1/1:0,17:17:44:1|1:18164976_G_A:752,44,0","1/1:0,16:16:48:1|1:18164976_G_A:720,48,0","1/1:0,29:29:87:.:.:1305,87,0","1/1:0,14:14:42:1|1:18164982_G_A:610,42,0","1/1:0,7:7:21:1|1:18164916_T_A:315,21,0","1/1:0,11:11:33:1|1:18164976_G_A:488,33,0","1/1:0,16:16:48:1|1:18164917_G_C:712,48,0","1/1:0,10:10:30:1|1:18164916_T_A:450,30,0","1/1:0,16:16:48:1|1:18164916_T_A:715,48,0","0/1:4,8:12:99:0|1:18164956_A_G:304,0,103","0/1:8,5:13:99:0|1:18164976_G_A:186,0,317","./.:22,20:42:99:.:.:646,0,867","0/0:25,0:25:69:.:.:0,69,1035","1/1:0,10:12:36:.:.:447,36,0","0/0:10,0:10:27:.:.:0,27,405","./.:7,0:7:.:.:.:0,0,0","0/1:7,2:9:63:0|1:18164976_G_A:63,0,288","0/1:9,13:22:99:0|1:18164772_T_C:519,0,339","./.:0,6:6:18:1|1:18164916_T_A:270,18,0","0/1:12,3:15:90:.:.:90,0,495",11,6,0.423,0.55
Pseudochr1,192,.,G,A,14666.6,PASS,.,GT:AD:DP:GQ:PGT:PID:PL,"0/0:14,0:14:39:.:.:0,39,585","0/0:17,0:17:48:.:.:0,48,720","0/0:24,0:24:72:.:.:0,72,584","0/0:11,0:11:27:.:.:0,27,405","0/0:9,0:9:21:.:.:0,21,315","0/0:11,0:11:30:.:.:0,30,450","./.:5,0:5:12:.:.:0,12,180","0/0:15,0:15:42:.:.:0,42,630","0/0:23,0:23:69:.:.:0,69,574","0/0:18,0:18:48:.:.:0,48,720","1/1:0,11:11:33:1|1:18164916_T_A:495,33,0","1/1:0,11:11:39:1|1:18164916_T_A:585,39,0","1/1:0,13:13:39:1|1:18164916_T_A:585,39,0","1/1:0,14:14:42:1|1:18164956_A_G:630,42,0","1/1:0,15:15:45:1|1:18164956_A_G:675,45,0","1/1:0,20:20:69:1|1:18164956_A_G:846,69,0","1/1:0,11:11:39:1|1:18164961_A_G:529,39,0","1/1:0,8:8:24:1|1:18164916_T_A:360,24,0","1/1:0,8:8:24:1|1:18164934_G_A:360,24,0","1/1:0,14:14:42:1|1:18164917_G_C:630,42,0","1/1:0,10:10:30:1|1:18164916_T_A:450,30,0","1/1:0,14:14:42:1|1:18164916_T_A:630,42,0","0/1:1,8:9:70:0|1:18164956_A_G:333,0,70","0/1:6,4:10:99:0|1:18164956_A_G:150,0,240","0/1:16,6:22:99:.:.:192,0,822","0/0:7,0:7:21:.:.:0,21,164","./.:0,5:5:15:1|1:18164762_G_A:225,15,0","0/0:8,0:8:24:.:.:0,24,228","./.:7,0:7:0:.:.:0,0,32","0/1:7,2:9:63:0|1:18164956_A_G:63,0,288","0/1:10,12:22:99:0|1:18164772_T_C:516,0,381","1/1:0,8:8:24:1|1:18164916_T_A:360,24,0","0/1:11,3:14:93:.:.:93,0,453",12,4,0.462,0.545
Pseudochr13,222,.,G,A,267.71,PASS,.,GT:AD:DP:GQ:PL,"0/0:14,0:14:39:.:.:0,39,585","0/0:17,0:17:48:.:.:0,48,720","0/0:24,0:24:72:.:.:0,72,584","0/0:11,0:11:27:.:.:0,27,405","0/0:9,0:9:21:.:.:0,21,315","0/0:11,0:11:30:.:.:0,30,450","./.:4,0:4:12:.:.:0,12,121","0/0:14,0:14:39:.:.:0,39,585","0/0:25,0:25:75:.:.:0,75,617","0/0:17,0:17:51:.:.:0,51,450","1/1:0,11:11:36:1|1:18164916_T_A:539,36,0","1/1:0,12:12:39:1|1:18164916_T_A:585,39,0","1/1:0,13:13:42:1|1:18164916_T_A:630,42,0","1/1:0,12:12:42:1|1:18164956_A_G:630,42,0","1/1:0,15:15:45:1|1:18164956_A_G:675,45,0","1/1:0,20:20:69:.:.:1035,69,0","1/1:0,11:11:33:1|1:18164961_A_G:495,33,0","1/1:0,8:8:24:1|1:18164916_T_A:360,24,0","1/1:0,7:7:27:1|1:18164934_G_A:405,27,0","1/1:0,13:13:48:1|1:18164917_G_C:720,48,0","1/1:0,10:10:33:1|1:18164916_T_A:495,33,0","1/1:0,14:14:45:1|1:18164916_T_A:675,45,0","0/1:1,8:9:70:0|1:18164956_A_G:333,0,70","0/1:6,4:10:99:0|1:18164956_A_G:150,0,240","0/1:16,6:22:99:.:.:204,0,654","0/0:7,0:7:21:.:.:0,21,164","./.:0,5:5:15:1|1:18164762_G_A:225,15,0","0/0:8,0:8:24:.:.:0,24,228","./.:7,0:7:0:.:.:0,0,8","0/1:7,2:9:63:0|1:18164956_A_G:63,0,288","0/1:10,13:23:99:0|1:18164772_T_C:516,0,381","1/1:0,8:8:24:1|1:18164916_T_A:360,24,0","0/1:11,3:14:93:.:.:93,0,453",12,4,0.462,0.545
Pseudochr13,229,.,T,C,40.82,PASS,.,GT:AD:DP:GQ:PL,"0/0:15,0:15:45:.:.:0,45,566","0/0:19,0:19:57:.:.:0,57,468","0/0:24,0:24:60:.:.:0,60,900","0/0:11,0:11:33:.:.:0,33,353","0/0:9,0:9:24:.:.:0,24,360","0/0:10,0:10:30:.:.:0,30,372","0/0:15,0:15:45:0,45,478","0/0:13,0:13:39:.:.:0,39,463","0/0:27,0:27:75:.:.:0,75,1125","0/0:19,0:19:57:.:.:0,57,512","1/1:0,11:11:36:1|1:18164916_T_A:539,36,0","1/1:0,14:14:42:1|1:18164916_T_A:630,42,0","1/1:0,11:11:36:1|1:18164916_T_A:540,36,0","1/1:0,18:18:54:1|1:18164976_G_A:810,54,0","1/1:0,16:16:48:1|1:18164976_G_A:720,48,0","1/1:0,27:27:84:1|1:18164916_T_A:1260,84,0","1/1:0,12:12:36:.:.:540,36,0","1/1:0,8:8:24:1|1:18164916_T_A:360,24,0","1/1:0,8:8:27:1|1:18164976_G_A:405,27,0","1/1:0,14:14:42:1|1:18164917_G_C:630,42,0","1/1:0,11:11:33:1|1:18164916_T_A:495,33,0","1/1:0,15:15:45:1|1:18164916_T_A:675,45,0","0/1:0,7:7:63:0|1:18164956_A_G:288,0,63","0/1:7,5:12:99:0|1:18164976_G_A:189,0,279","./.:20,14:34:99:.:.:528,0,798","0/0:21,0:21:63:.:.:0,63,527","1/1:0,7:7:21:1|1:18164762_G_A:315,21,0","0/0:9,0:9:24:.:.:0,24,360","./.:7,0:7:0:.:.:0,0,20","0/1:7,2:9:63:0|1:18164976_G_A:63,0,288","0/1:9,13:22:99:0|1:18164772_T_C:519,0,339","1/1:0,7:7:21:1|1:18164916_T_A:315,21,0","0/1:14,3:17:84:.:.:84,0,579",13,4,0.5,0.591
Pseudochr13,250,.,G,A,277.83,PASS,.,GT:AD:DP:GQ:PL,"0/0:15,0:15:45:.:.:0,45,566","0/0:21,0:21:60:.:.:0,60,536","0/0:24,0:24:60:.:.:0,60,900","0/0:11,0:11:33:.:.:0,33,353","0/0:7,0:7:21:.:.:0,21,246","0/0:10,0:10:30:.:.:0,30,372","./.:4,0:4:12:.:.:0,12,121","0/0:13,0:13:39:.:.:0,39,463","./.:35,0:35:55:.:.:0,55,784","0/0:23,0:23:69:.:.:0,69,645","1/1:0,12:12:36:1|1:18164916_T_A:539,36,0","1/1:0,13:13:39:1|1:18164916_T_A:585,39,0","1/1:0,9:9:27:1|1:18164916_T_A:405,27,0","1/1:0,16:16:54:1|1:18164976_G_A:807,54,0","1/1:0,16:16:48:1|1:18164976_G_A:720,48,0","1/1:0,28:28:87:1|1:18164916_T_A:1305,87,0","1/1:0,13:13:39:1|1:18164982_G_A:585,39,0","1/1:0,8:8:24:1|1:18164916_T_A:360,24,0","1/1:0,9:9:27:1|1:18164976_G_A:405,27,0","1/1:0,14:14:42:1|1:18164917_G_C:630,42,0","1/1:0,11:11:33:.:.:495,33,0","1/1:0,15:15:45:1|1:18164916_T_A:675,45,0","0/1:2,7:9:60:0|1:18164956_A_G:310,0,60","0/1:7,5:12:99:0|1:18164976_G_A:189,0,279","./.:22,16:38:99:.:.:687,0,907","0/0:21,0:21:63:.:.:0,63,527","1/1:0,9:9:33:1|1:18164762_G_A:454,33,0","0/0:10,0:10:27:.:.:0,27,405","./.:6,0:6:.:.:.:0,0,0","0/1:7,2:9:63:0|1:18164976_G_A:63,0,288","0/1:10,13:23:99:0|1:18164772_T_C:516,0,381","./.:0,6:6:18:1|1:18164916_T_A:270,18,0","0/1:12,3:15:87:.:.:87,0,537",11,6,0.423,0.55
Pseudochr13,290,.,G,A,233.99,PASS,.,GT:AD:DP:GQ:PL,"0/0:15,0:15:45:.:.:0,45,566","0/0:21,0:21:60:.:.:0,60,536","0/0:20,0:20:42:.:.:0,42,630","0/0:14,0:14:42:.:.:0,42,490","0/0:7,0:7:21:.:.:0,21,246","0/0:9,0:9:27:.:.:0,27,350","./.:4,0:4:12:.:.:0,12,121","0/0:13,0:13:39:.:.:0,39,463","./.:39,0:39:67:.:.:0,67,873","0/0:25,0:25:69:.:.:0,69,1035","1/1:0,12:12:36:1|1:18164916_T_A:539,36,0","1/1:0,13:13:39:1|1:18164916_T_A:585,39,0","1/1:0,9:9:27:1|1:18164916_T_A:405,27,0","1/1:0,17:17:44:1|1:18164976_G_A:752,44,0","1/1:0,16:16:48:1|1:18164976_G_A:720,48,0","1/1:0,29:29:87:.:.:1305,87,0","1/1:0,14:14:42:1|1:18164982_G_A:610,42,0","1/1:0,7:7:21:1|1:18164916_T_A:315,21,0","1/1:0,11:11:33:1|1:18164976_G_A:488,33,0","1/1:0,16:16:48:1|1:18164917_G_C:712,48,0","1/1:0,10:10:30:1|1:18164916_T_A:450,30,0","1/1:0,16:16:48:1|1:18164916_T_A:715,48,0","0/1:4,8:12:99:0|1:18164956_A_G:304,0,103","0/1:8,5:13:99:0|1:18164976_G_A:186,0,317","./.:22,20:42:99:.:.:646,0,867","0/0:25,0:25:69:.:.:0,69,1035","1/1:0,10:12:36:.:.:447,36,0","0/0:10,0:10:27:.:.:0,27,405","./.:7,0:7:.:.:.:0,0,0","0/1:7,2:9:63:0|1:18164976_G_A:63,0,288","0/1:9,13:22:99:0|1:18164772_T_C:519,0,339","./.:0,6:6:18:1|1:18164916_T_A:270,18,0","0/1:12,3:15:90:.:.:90,0,495",11,6,0.423,0.55
PseudochrZ,715,.,C,T,67.22,PASS,.,GT:AD:DP:GQ:PGT:PID:PL,"0/0:14,0:14:39:.:.:0,39,585","0/0:17,0:17:48:.:.:0,48,720","0/0:24,0:24:72:.:.:0,72,584","0/0:11,0:11:27:.:.:0,27,405","0/0:9,0:9:21:.:.:0,21,315","0/0:11,0:11:30:.:.:0,30,450","0/0:15,0:15:45:0,45,478","0/0:15,0:15:42:.:.:0,42,630","0/0:23,0:23:69:.:.:0,69,574","0/0:18,0:18:48:.:.:0,48,720","1/1:0,11:11:33:1|1:18164916_T_A:495,33,0","1/1:0,11:11:39:1|1:18164916_T_A:585,39,0","1/1:0,13:13:39:1|1:18164916_T_A:585,39,0","1/1:0,14:14:42:1|1:18164956_A_G:630,42,0","1/1:0,15:15:45:1|1:18164956_A_G:675,45,0","1/1:0,20:20:69:1|1:18164956_A_G:846,69,0","1/1:0,11:11:39:1|1:18164961_A_G:529,39,0","1/1:0,8:8:24:1|1:18164916_T_A:360,24,0","1/1:0,8:8:24:1|1:18164934_G_A:360,24,0","1/1:0,14:14:42:1|1:18164917_G_C:630,42,0","1/1:0,10:10:30:1|1:18164916_T_A:450,30,0","0/0:7,0:7:21:.:.:0,21,164","0/0:7,0:7:21:.:.:0,21,164","0/0:7,0:7:21:.:.:0,21,164","0/0:7,0:7:21:.:.:0,21,164","0/0:7,0:7:21:.:.:0,21,164","0/0:7,0:7:21:.:.:0,21,164","0/0:7,0:7:21:.:.:0,21,164","0/0:7,0:7:21:.:.:0,21,164","0/0:7,0:7:21:.:.:0,21,164","0/0:7,0:7:21:.:.:0,21,164","0/0:7,0:7:21:.:.:0,21,164","0/0:7,0:7:21:.:.:0,21,164",2,0,0.077,0.077
PseudochrZ,724,.,A,G,8770.6,PASS,.,GT:AD:DP:GQ:PL,"0/0:14,0:14:39:.:.:0,39,585","0/0:17,0:17:48:.:.:0,48,720","0/0:24,0:24:72:.:.:0,72,584","0/0:11,0:11:27:.:.:0,27,405","0/0:9,0:9:21:.:.:0,21,315","0/0:11,0:11:30:.:.:0,30,450","./.:4,0:4:12:.:.:0,12,121","0/0:14,0:14:39:.:.:0,39,585","0/0:25,0:25:75:.:.:0,75,617","0/0:17,0:17:51:.:.:0,51,450","1/1:0,11:11:36:1|1:18164916_T_A:539,36,0","1/1:0,12:12:39:1|1:18164916_T_A:585,39,0","1/1:0,13:13:42:1|1:18164916_T_A:630,42,0","1/1:0,12:12:42:1|1:18164956_A_G:630,42,0","1/1:0,15:15:45:1|1:18164956_A_G:675,45,0","1/1:0,20:20:69:.:.:1035,69,0","1/1:0,11:11:33:1|1:18164961_A_G:495,33,0","1/1:0,8:8:24:1|1:18164916_T_A:360,24,0","1/1:0,7:7:27:1|1:18164934_G_A:405,27,0","1/1:0,13:13:48:1|1:18164917_G_C:720,48,0","1/1:0,10:10:33:1|1:18164916_T_A:495,33,0","0/0:7,0:7:21:.:.:0,21,164","0/0:7,0:7:21:.:.:0,21,164","0/0:7,0:7:21:.:.:0,21,164","0/0:7,0:7:21:.:.:0,21,164","0/0:7,0:7:21:.:.:0,21,164","0/0:7,0:7:21:.:.:0,21,164","0/0:7,0:7:21:.:.:0,21,164","0/0:7,0:7:21:.:.:0,21,164","0/0:7,0:7:21:.:.:0,21,164","0/0:7,0:7:21:.:.:0,21,164","0/0:7,0:7:21:.:.:0,21,164","0/0:7,0:7:21:.:.:0,21,164",2,0,0.077,0.077
PseudochrZ,728,.,A,T,10.19,PASS,.,GT:AD:DP:GQ:PL,"0/0:15,0:15:45:.:.:0,45,566","0/0:19,0:19:57:.:.:0,57,468","0/0:24,0:24:60:.:.:0,60,900","0/0:11,0:11:33:.:.:0,33,353","0/0:9,0:9:24:.:.:0,24,360","0/0:10,0:10:30:.:.:0,30,372","./.:4,0:4:12:.:.:0,12,124","0/0:13,0:13:39:.:.:0,39,463","0/0:27,0:27:75:.:.:0,75,1125","0/0:19,0:19:57:.:.:0,57,512","1/1:0,11:11:36:1|1:18164916_T_A:539,36,0","1/1:0,14:14:42:1|1:18164916_T_A:630,42,0","1/1:0,11:11:36:1|1:18164916_T_A:540,36,0","1/1:0,18:18:54:1|1:18164976_G_A:810,54,0","1/1:0,16:16:48:1|1:18164976_G_A:720,48,0","1/1:0,27:27:84:1|1:18164916_T_A:1260,84,0","1/1:0,12:12:36:.:.:540,36,0","1/1:0,8:8:24:1|1:18164916_T_A:360,24,0","1/1:0,8:8:27:1|1:18164976_G_A:405,27,0","1/1:0,14:14:42:1|1:18164917_G_C:630,42,0","1/1:0,11:11:33:1|1:18164916_T_A:495,33,0","1/1:0,15:15:45:1|1:18164916_T_A:675,45,0","0/1:0,7:7:63:0|1:18164956_A_G:288,0,63","0/1:7,5:12:99:0|1:18164976_G_A:189,0,279","./.:20,14:34:99:.:.:528,0,798","0/0:21,0:21:63:.:.:0,63,527","1/1:0,7:7:21:1|1:18164762_G_A:315,21,0","0/0:9,0:9:24:.:.:0,24,360","./.:7,0:7:0:.:.:0,0,20","0/1:7,2:9:63:0|1:18164976_G_A:63,0,288","0/1:9,13:22:99:0|1:18164772_T_C:519,0,339","1/1:0,7:7:21:1|1:18164916_T_A:315,21,0","0/1:14,3:17:84:.:.:84,0,579",13,4,0.5,0.591
PseudochrZ,743,.,T,A,237.75,PASS,.,GT:AD:DP:GQ:PGT:PID:PL,"0/0:15,0:15:45:.:.:0,45,566","0/0:21,0:21:60:.:.:0,60,536","0/0:24,0:24:60:.:.:0,60,900","0/0:11,0:11:33:.:.:0,33,353","0/0:7,0:7:21:.:.:0,21,246","0/0:10,0:10:30:.:.:0,30,372","./.:4,0:4:12:.:.:0,12,121","0/0:13,0:13:39:.:.:0,39,463","./.:35,0:35:55:.:.:0,55,784","0/0:23,0:23:69:.:.:0,69,645","1/1:0,12:12:36:1|1:18164916_T_A:539,36,0","1/1:0,13:13:39:1|1:18164916_T_A:585,39,0","1/1:0,9:9:27:1|1:18164916_T_A:405,27,0","1/1:0,16:16:54:1|1:18164976_G_A:807,54,0","1/1:0,16:16:48:1|1:18164976_G_A:720,48,0","1/1:0,28:28:87:1|1:18164916_T_A:1305,87,0","1/1:0,13:13:39:1|1:18164982_G_A:585,39,0","1/1:0,8:8:24:1|1:18164916_T_A:360,24,0","1/1:0,9:9:27:1|1:18164976_G_A:405,27,0","1/1:0,14:14:42:1|1:18164917_G_C:630,42,0","1/1:0,11:11:33:.:.:495,33,0","1/1:0,15:15:45:1|1:18164916_T_A:675,45,0","0/1:2,7:9:60:0|1:18164956_A_G:310,0,60","0/1:7,5:12:99:0|1:18164976_G_A:189,0,279","./.:22,16:38:99:.:.:687,0,907","0/0:21,0:21:63:.:.:0,63,527","1/1:0,9:9:33:1|1:18164762_G_A:454,33,0","0/0:10,0:10:27:.:.:0,27,405","./.:6,0:6:.:.:.:0,0,0","0/1:7,2:9:63:0|1:18164976_G_A:63,0,288","0/1:10,13:23:99:0|1:18164772_T_C:516,0,381","./.:0,6:6:18:1|1:18164916_T_A:270,18,0","0/1:12,3:15:87:.:.:87,0,537",11,6,0.423,0.55
PseudochrZ,749,.,C,A,10.17,PASS,.,GT:AD:DP:GQ:PL,"0/0:15,0:15:45:.:.:0,45,566","0/0:21,0:21:60:.:.:0,60,536","0/0:20,0:20:42:.:.:0,42,630","0/0:14,0:14:42:.:.:0,42,490","0/0:7,0:7:21:.:.:0,21,246","0/0:9,0:9:27:.:.:0,27,350","./.:4,0:4:12:.:.:0,12,121","0/0:13,0:13:39:.:.:0,39,463","./.:39,0:39:67:.:.:0,67,873","0/0:25,0:25:69:.:.:0,69,1035","1/1:0,12:12:36:1|1:18164916_T_A:539,36,0","1/1:0,13:13:39:1|1:18164916_T_A:585,39,0","1/1:0,9:9:27:1|1:18164916_T_A:405,27,0","1/1:0,17:17:44:1|1:18164976_G_A:752,44,0","1/1:0,16:16:48:1|1:18164976_G_A:720,48,0","1/1:0,29:29:87:.:.:1305,87,0","1/1:0,14:14:42:1|1:18164982_G_A:610,42,0","1/1:0,7:7:21:1|1:18164916_T_A:315,21,0","1/1:0,11:11:33:1|1:18164976_G_A:488,33,0","1/1:0,16:16:48:1|1:18164917_G_C:712,48,0","1/1:0,10:10:30:1|1:18164916_T_A:450,30,0","1/1:0,16:16:48:1|1:18164916_T_A:715,48,0","0/1:4,8:12:99:0|1:18164956_A_G:304,0,103","0/1:8,5:13:99:0|1:18164976_G_A:186,0,317","./.:22,20:42:99:.:.:646,0,867","0/0:25,0:25:69:.:.:0,69,1035","1/1:0,10:12:36:.:.:447,36,0","0/0:10,0:10:27:.:.:0,27,405","./.:7,0:7:.:.:.:0,0,0","0/1:7,2:9:63:0|1:18164976_G_A:63,0,288","0/1:9,13:22:99:0|1:18164772_T_C:519,0,339","./.:0,6:6:18:1|1:18164916_T_A:270,18,0","0/1:12,3:15:90:.:.:90,0,495",11,6,0.423,0.55
PseudochrZ,787,.,T,G,14946.6,PASS,.,GT:AD:DP:GQ:PL,"0/0:18,0:18:38:.:.:0,38,523","0/0:15,0:15:45:.:.:0,45,352","0/0:16,0:16:45:.:.:0,45,675","0/0:19,0:19:51:.:.:0,51,765","0/0:7,0:7:21:.:.:0,21,246","0/0:9,0:9:27:.:.:0,27,342","0/0:15,0:15:45:0,45,478","0/0:10,0:10:30:.:.:0,30,338","./.:33,0:33:99:.:.:0,99,812","0/0:28,0:28:78:.:.:0,78,1170","1/1:0,10:10:30:1|1:18165159_GCA_G:450,30,0","1/1:0,22:22:66:1|1:18165111_G_A:990,66,0","1/1:0,6:6:21:1|1:18165111_G_A:315,21,0","1/1:0,16:16:48:1|1:18165111_G_A:720,48,0","1/1:0,13:13:42:1|1:18165133_G_A:630,42,0","1/1:0,20:20:60:1|1:18165111_G_A:900,60,0","1/1:0,14:14:42:1|1:18165111_G_A:630,42,0","./.:0,4:4:12:1|1:18165111_G_A:180,12,0","./.:16,0:16:.:.:.:0,0,0","1/1:0,18:19:57:.:.:836,57,0","0/1:3,5:8:99:.:.:194,0,111","0/1:9,7:16:99:.:.:264,0,357","0/0:7,0:7:21:.:.:0,21,258","0/1:2,6:8:66:.:.:246,0,66","./.:31,0:31:93:.:.:0,93,818","0/0:23,0:23:57:.:.:0,57,855","0/1:12,6:18:99:0|1:18165190_A_G:213,0,427","0/0:19,0:19:57:.:.:0,57,524","0/1:5,3:8:99:0|1:18165133_G_A:108,0,198","0/0:8,0:8:24:.:.:0,24,240","0/0:19,0:19:57:.:.:0,57,544","./.:12,0:12:.:.:.:0,0,0","0/1:6,7:13:99:.:.:269,0,187",6,4,0.231,0.273
